{"cameraMode":{"drawMode":2,"name":"Shaded Wireframe","section":"Shading Mode"},"sceneLighting":true,"audioPlay":false,"sceneViewState":{"m_AlwaysRefresh":false,"showFog":true,"showSkybox":true,"showFlares":true,"showImageEffects":true,"showParticleSystems":true,"showVisualEffectGraphs":true,"m_FxEnabled":true},"in2DMode":false,"pivot":{"x":-0.6460703015327454,"y":2.0184848308563234,"z":-3.1461551189422609},"rotation":{"x":0.09585299342870712,"y":-0.0029852718580514194,"z":0.00028843205654993653,"w":0.9953991770744324},"size":0.25547775626182558,"orthographic":false}