{"cameraMode":{"drawMode":0,"name":"Shaded","section":"Shading Mode"},"sceneLighting":false,"audioPlay":false,"sceneViewState":{"showFog":false,"showMaterialUpdate":false,"showSkybox":false,"showFlares":false,"showImageEffects":false,"showParticleSystems":false},"in2DMode":false,"pivot":{"x":-8.15435791015625,"y":-72.6361083984375,"z":387.17840576171877},"rotation":{"x":-0.10953289270401001,"y":0.031898703426122668,"z":-0.0035161578562110664,"w":-0.9934693574905396},"size":457.4223937988281,"orthographic":false}